title,date,views,quantity
青春韶华 腾飞起航 | 中国华腾2022年度招聘正式启动,2021-12-30,136,30
推想-与AI同行 推想未来,2021-12-30,102,49
西南医科大学2022年诚聘海内外英才,2021-12-30,87,36
浙江新安化工集团股份有限公司2022届校园招聘,2021-12-30,85,30
中国天辰工程有限公司2022年校园招聘,2021-12-30,91,20
亚信科技招聘简章,2021-12-30,89,100
招商证券股份有限公司北京朝阳公园路证券营业部【招聘】,2021-12-30,86,5
揽英才 金陵科技学院招才引智，诚邀您的加盟,2021-12-30,195,50
麦捷科技2022年校园招聘简章,2021-12-30,176,20
启明信息技术股份有限公司2022年校园招聘简章,2021-12-29,1144,50
清华大学天津高端装备研究院人才引进,2021-12-29,837,2
你和我的距离只有一封简历的厚度,2021-12-29,894,12
中证信息技术服务有限责任公司 2021年度招聘公告,2021-12-29,802,12
中国科学技术大学先进技术研究院2021-2022年度招聘简章,2021-12-29,848,110
阳光电源2022届全球校园招聘秋招补录,2021-12-29,812,40
中国卫通集团股份有限公司招聘,2021-12-29,761,3
西安电子科技大学空间科学与技术学院2021年教师岗位招聘启事,2021-12-29,766,40
中国热带农业科学院热带作物品种资源研究所2022年高层次及博士人才公开招聘公告,2021-12-29,718,26
中国供销集团2022年度应届高校毕业生招聘公告,2021-12-29,725,40
华夏久盈资产管理有限责任公司2022校园招聘,2021-12-29,715,10
中国搜索2022年校园招聘简章,2021-12-29,715,29
深圳市大数据研究院科研人员招聘简章,2021-12-29,854,20
九江学院2022年人才招聘公告,2021-12-29,794,150
恒上咨询代宽带资本旗下云天使基金投资经理,2021-12-28,1010,2
宁波工程学院2021年高层次人才（教师）招聘公告,2021-12-28,623,2
长三角腹地-常州工学院2021年人才招聘启事,2021-12-28,488,30
校园招聘,2021-12-28,435,2
中国海外工程有限责任公司2022届大学毕业生招聘公告,2021-12-28,424,30
正大集团2021-2022年度中央采购部校园招聘,2021-12-28,420,10
网络安全就业招聘,2021-12-28,408,5
福建工程学院2022年师资招聘计划,2021-12-28,389,100
湖北汽车工业学院 2021年面向社会专项公开招聘工作人员公告,2021-12-28,379,51
职能管理类,2021-12-28,401,8
集团财务室工作人员,2021-12-28,392,1
北京上元信安技术有限公司招聘,2021-12-28,386,2
江西服装学院2022年招聘启事,2021-12-28,374,123
山东电力设备有限公司2022届高校毕业生招聘,2021-12-28,359,8
2022年校招岗位-金融公司,2021-12-28,332,15
广州华立学院2022年博士招聘启事,2021-12-28,322,50
武汉市自然资源和规划信息中心2021-2022年应届毕业生和相关岗位社会人才招聘简章,2021-12-28,272,15
厦门理工学院2021年公开招聘人才启事,2021-12-28,254,150
浙江师范大学2021年专任教师招聘公告,2021-12-28,259,88
12月29日智联直播 | 500强企业远东控股集团（多专业）,2021-12-28,258,10
2022年北京城市学院招聘启事,2021-12-28,312,2
芯征程,2021-12-28,248,1
三环集团2022届秋季校园招聘火热进行中,2021-12-28,235,500
一汽解放汽车有限公司2022年秋季校园招聘启事,2021-12-28,246,500
未来已来 只等你来 ——海南自由贸易港招才引智活动致广大学子的邀请函,2021-12-27,372,1000
2022届校园招聘,2021-12-27,366,5
苏州恩巨网络有限公司,2021-12-27,323,2
集团办公室工作人员,2021-12-27,310,2
集团后勤部工作人员,2021-12-27,305,1
2022中公教育校园招聘,2021-12-27,304,10
数码视讯科技集团2022届校园招聘,2021-12-27,342,50
中国电子科技集团公司第五十研究所【2022届校招】,2021-12-25,892,5
中科院兰州化物所2022年人才招聘启事,2021-12-25,699,180
2022年中信证券股份有限公司北京分公司管培生校园招聘,2021-12-25,653,20
2021-2022零点有数校园招聘火热开启,2021-12-25,593,10
泰山学院2022年人才引进不限专业,2021-12-25,581,80
C&F School 阳光心霖儿童公社2022年校园招聘,2021-12-25,543,30
北京工业大学先进电池材料与器件研究所（尉海军教授课题组）2021-2022年人才招聘,2021-12-24,856,8
深圳雅学科技有限公司2021年招聘,2021-12-24,647,2
宇通集团2022届管培生招聘简章,2021-12-24,593,50
雅培中国2022校园招聘,2021-12-24,579,20
中国青旅集团有限公司2022年 校园招聘启事,2021-12-24,577,8
销售&技术管理培训生招聘,2021-12-24,601,10
进出口招贤纳士,2021-12-24,593,1
山东建筑大学第五届“海右青年学者论坛”诚邀海内外英才相聚云端,2021-12-24,578,3
唐山银行2022年校园招聘启事,2021-12-24,573,100
银联国际有限公司2022届校园招聘,2021-12-23,538,30
中关村发展集团  2022年校园招聘及博士后招聘公告,2021-12-23,467,31
电子科技大学先进毫米波技术集成攻关研究院招聘青年教师、博士后,2021-12-23,461,10
天津大学“生物信息测量与生物制造实验室”诚聘英才,2021-12-23,377,5
重庆能源职业学院招聘简章,2021-12-23,427,50
2021下半年浙江农林大学专任教师岗位招聘公告,2021-12-23,372,160
广州航海学院 广州交通大学（筹）2021年招聘教授公告,2021-12-23,376,200
苏州｜常熟理工学院2021-2022年面向海内外诚聘英才,2021-12-23,370,200
北京航空航天大学虚拟现实技术与系统国家重点实验室2021年专职工程师招聘公告,2021-12-23,385,2
商丘工学院2022年教师招聘,2021-12-23,365,100
中国船舶第八研究院（扬州院区·原七二三所）诚聘人才公告,2021-12-23,365,90
不负韶华 共筑梦想-枣庄学院2021年人才招聘启事,2021-12-23,356,60
深圳市影子投资管理有限公司校园诚聘,2021-12-23,354,2
瀛通通讯股份有限公司2022届毕业生,2021-12-22,372,5
中企通信2022校园招聘,2021-12-22,395,10
吉首大学张家界学院2022年专任教师招聘公告,2021-12-22,358,32
2022年春季全国博士、博士后高级人才专场巡回签约洽谈会——中国科学院大学站,2021-12-22,356,500
兵器装备集团财务有限责任公司 2022届校园招聘,2021-12-22,383,1
安徽理工大学2022年博士招聘,2021-12-22,352,135
中山大学数学学院（珠海）高层次人才招聘,2021-12-22,342,20
正大集团2021-2022年度中央采购部校园招聘,2021-12-22,349,10
北京朗姿韩亚资产管理有限公司博士后科研工作站2022年度招聘简章,2021-12-22,336,3
甘肃省敦煌种业集团股份有限公司博士后科研工作站招收简章,2021-12-22,283,6
华夏人寿保险股份有限公司2022届校园招聘启事,2021-12-22,354,50
小米集团2022全球校园招聘-汽车专项,2021-12-22,370,300
中国联通四川省分公司2021年（2022届） 秋季校园招聘公告（补录）,2021-12-22,354,300
小黑盒2022年校招,2021-12-22,347,1
紫光数码集团2022年度高校毕业生招聘,2021-12-22,350,3
福州大学博士后科研流动站2022年人才招聘计划,2021-12-22,330,50
湖南省融资担保集团2022校园招聘,2021-12-22,327,7
新乡医学院2021年诚聘海内外高层次人才,2021-12-22,311,100
宁夏大学煤炭高效利用与绿色化工国家重点实验室 学术带头人/青年研究骨干/博士后招聘,2021-12-22,313,60
东北电力大学2021-2022年诚聘海内外人才,2021-12-22,323,68
网易有道2022届秋季校园招聘火热进行ing,2021-12-22,336,300
深圳市巨博华投资有限公司，期待与聪明勤奋、不甘平庸、正直守信的你，携手打造中国最优秀的量化交易团队,2021-12-22,315,5
中信证券北京分公司2022年校园招聘,2021-12-21,392,20
上海交通大学微纳工程科学重点实验室2021-2022年招聘简章,2021-12-21,348,12
中山大学微电子科学与技术学院人才招聘,2021-12-21,348,78
2022年徐工机械建设机械分公司校园招聘,2021-12-21,345,2
北京司拓民航科技有限责任公司 2022年校园招聘简章,2021-12-21,362,6
【金融科技·创变未来】中金公司信息技术部2022届应届生专项招聘,2021-12-21,415,30
首钢集团财务有限公司招聘,2021-12-21,370,3
2022中国电建集团青海省电力设计院有限公司电气师校园招聘,2021-12-21,319,18
北京市地铁运营有限公司技术创新研究院招聘,2021-12-20,375,2
【空中宣讲】多益网络2022校园招聘-补录专场,2021-12-20,341,500
闽南科技学院2021-2022学年招聘启事,2021-12-20,337,62
2022年苏州幼儿师范高等专科学校公开招聘教师及专职辅导员,2021-12-20,330,7
2022年应届生招聘,2021-12-20,335,6
【佳能医疗】研发岗：AI算法/C++开发,2021-12-20,337,3
全球招聘！科学岛诚邀海内外人才加盟！,2021-12-20,328,80
远东控股集团2022校园招聘,2021-12-20,323,5
2021-2022年中车唐山机车车辆有限公司招聘启事,2021-12-20,314,8
行业第一，宇通集团2022年应届毕业生管培生招聘简章,2021-12-20,325,30
中国发展研究基金会2022年招聘启事,2021-12-20,333,4
2022中公教育校园招聘,2021-12-20,319,20
南京理工大学基础前沿交叉中心教师招聘,2021-12-20,322,10
慧策（北京掌上先机网络科技有限公司）2022校园招聘,2021-12-20,324,20
广西师范大学2021年人才招聘公告,2021-12-20,328,98
桂林理工大学2021年诚聘海内外人才,2021-12-20,325,20
中企伍佰信息技术研究院招聘院长助理,2021-12-19,472,10
深圳能源集团股份有限公司  2022届校园秋季招聘启事,2021-12-19,447,121
耀未来，乘青春——耀乘健康2022校园招聘,2021-12-19,296,5
徐州工程机械集团有限公司2022年校园招聘简章,2021-12-19,328,100
上海天数智芯半导体有限公司2022校园招聘文稿,2021-12-19,334,10
ASM先进科技2022校园招聘补录,2021-12-18,345,30
陕西科技大学2022年博士后研究人员招收公告,2021-12-18,320,100
石家庄医学高等专科学校2022年教师招聘,2021-12-18,318,70
广东电网有限责任公司2022年博士后人员招聘启事,2021-12-18,325,4
中国电子科技集团公司第十一研究所招聘,2021-12-18,380,100
诺唯赞2022全球校园招聘—博士人才招聘计划正式启动,2021-12-18,322,90
北京大兴国际机场航空食品有限公司 2022年校园招聘,2021-12-18,335,6
上海中广核工程科技有限公司2022校园招聘,2021-12-18,343,10
三环集团2022届秋季校园招聘,2021-12-18,338,500
年少粤有为” 数字广东2022秋季校园招聘火热进行中,2021-12-18,331,170
客户经理,2021-12-18,326,40
南宁职业技术学院2021年第二批公开招聘工作人员公告,2021-12-18,316,44
北京宏天信业信息技术股份有限公司 -- 应届毕业生招聘,2021-12-18,329,20
广州虹科电子2022秋季校园招聘（全国）,2021-12-18,309,30
大连人才服务中心 “学子来连、业成滨城”2021-2022 空中双选会邀请函,2021-12-18,313,1000
包头市文化旅游广电局2021年直属单位人才引进公告,2021-12-18,271,21
海纳天下才，智汇石家庄——第一届石家庄“海石杯”高层次人才创新创业大赛,2021-12-18,311,100
中信证券北京分公司培训生,2021-12-18,306,50
九江学院2022年诚聘海内外人才,2021-12-18,305,151
谷斗科技招聘简章,2021-12-18,314,100
2021-2022零点有数校园招聘火热开启,2021-12-18,312,10
中国石化大连石油化工研究院全球招聘人才公告,2021-12-16,422,50
山东电力设备有限公司2022届毕业生招聘,2021-12-16,436,4
重庆邮电大学高层次人才招聘,2021-12-16,432,236
商业航天明星企业【零壹空间】校招答疑会来啦！！,2021-12-15,456,20
物美科技集团简介,2021-12-15,478,100
江西应用技术职业学院2021年下半年公开招聘高层次人才,2021-12-15,416,62
曲靖师范学院2021年公开招聘事业编制高层次人才,2021-12-15,415,50
理想汽车2022届校园招聘秋招补录进行中,2021-12-15,446,1600
中国农业银行研发中心2022年秋季校园招聘,2021-12-15,527,650
上海人工智能实验室招聘公告,2021-12-15,380,3
超星集团秋季校园招聘,2021-12-15,356,5
高和资本2022届新生力校园招聘,2021-12-15,356,2
慧策（北京掌上先机网络科技有限公司）2022秋季校园招聘,2021-12-15,321,20
给你舞台，让你精彩-同达信恒面向理工科招聘,2021-12-15,331,15
中国石化上海石油化工研究院2021-2022年度人才招聘,2021-12-15,345,50
放手而为，成就精彩，英特尔中国2022校园招聘研发岗补招进行中！,2021-12-15,364,100
2022年中国安全防伪证件研制中心,2021-12-15,357,1
北京龙双利达知识产权代理有限公司招聘简章      （工作地点：北京、西安、南京）,2021-12-15,310,60
百年西建大 引才进行时-西安建筑科技大学2021年教师（师资博士后）招聘公告,2021-12-14,355,100
2022年海军潜艇学院人才引进重磅来袭,2021-12-14,363,71
初中各学科教师,2021-12-14,324,30
苏州恩巨网络有限公司,2021-12-14,323,2
高中各学科骨干教师,2021-12-14,346,30
炬光科技2022校园招聘简章,2021-12-14,329,15
你与我的距离   只有一封简历的厚度,2021-12-14,319,12
攀枝花学院2021年第五批直接考核招聘高层次人才公告,2021-12-14,313,100
燕山大学2021-2022年诚聘海内外优秀人才,2021-12-14,325,260
新加坡国立大学重庆研究院招聘及博士生招生简章,2021-12-14,314,10
广西电力职业技术学院2021年博士人才专项招聘公告,2021-12-14,308,14
中国工程物理研究院  研究生院诚聘英才,2021-12-14,292,3
正大集团2021-2022年度中央采购部校园招聘,2021-12-14,315,10
中信证券北京分公司管培生 18个月培训期,2021-12-14,326,200
南方科技大学计算机科学与工程系2022年实验教学人员招聘启事,2021-12-14,311,2
卧龙采埃孚汽车电机有限公司 2022届招聘启事,2021-12-14,330,50
数码视讯科技集团2022届校园招聘,2021-12-14,338,50
网易有道2022届秋季校园招聘,2021-12-14,362,300
江苏科技大学2021年诚聘海内外优秀人才,2021-12-13,385,1
四川轻化工大学2022年人才引进政策,2021-12-13,299,1
北京宏达一甲教育科技有限公司2022招聘季,2021-12-13,293,20
科讯嘉联 2022 届校园招聘简章,2021-12-13,316,10
小米集团2022全球校园招聘-热招岗位,2021-12-13,370,500
自如集团2022管培生招聘,2021-12-13,299,100
引才新政 待遇优厚-广西科技大学2021-2022年面向海内外诚聘优秀人才,2021-12-13,298,200
兰州化物所2022年人才招聘启事,2021-12-13,283,2
2022中国电建集团青海省电力设计院有限公司校园招聘,2021-12-13,329,3
 山东工程职业技术大学2021年商河校区招聘,2021-12-13,284,40
“梦想靠岸”招商银行佛山分行2022校园招聘启事（冬季场）,2021-12-13,273,200
加入航天，为国防做贡献,2021-12-13,315,5
首钢集团有限公司技术研究院,2021-12-13,282,50
2021-2022零点有数校园招聘火热开启,2021-12-13,266,10
长三角核心区-嘉兴学院2021-2022年度人才引进招聘公告,2021-12-10,438,68
广东医科大学海洋医药研究院/广东湛江海洋医药研究院肠道菌群方向诚聘博士后研究人员,2021-12-10,415,10
揽英才 金陵科技学院招才引智诚邀您的加盟,2021-12-10,364,100
2022年国防科技大学电子科学学院面向海内外诚聘博士人才,2021-12-10,377,60
揽英才! 金陵科技学院招才引智诚邀您的加盟,2021-12-10,344,66
厦门松霖2022届校园招聘简章,2021-12-10,344,30
揽英才 金陵科技学院招才引智，诚邀您的加盟,2021-12-10,341,50
管理培训生岗位（大型国有企业、含进京指标、提供宿舍、有食堂、六险二金）,2021-12-10,389,5
北京司拓民航科技有限责任公司2022年校园招聘简章,2021-12-10,349,6
商丘工学院2021年教师招聘,2021-12-10,326,500
小屯派科技2022年校园招聘,2021-12-10,342,2
【甘肃国企】金川集团面向北京邮电大学秋季招聘信息,2021-12-10,353,10
广东省农村信用社联合社  2022届秋季校园招聘补录公告,2021-12-10,340,175
2022校招中信证券北京分公司管培生,2021-12-10,339,200
南京理工大学智能制造学院教师招聘,2021-12-10,334,10
网易有道2022届秋季校园招聘火热进行ing,2021-12-10,309,300
方田教育2022年校园招聘,2021-12-09,388,10
【佳能医疗】研发岗：AI算法/C++开发,2021-12-09,437,2
慧原生，聚清春 ——慧清科技2022校园招聘简章,2021-12-09,423,5
TOP TOY TMC 2022届校园招聘,2021-12-09,386,55
宁波工程学院向海内外诚聘特聘教授，学科带头人,2021-12-09,364,20
海南工商职业学院2021年本硕及以上人才招聘  ,2021-12-09,355,50
中金创新（深圳）资产管理有限公司2021年招聘,2021-12-09,376,2
最高人民法院直属单位2022年度公开招聘工作人员公告,2021-12-09,429,14
代宽带资本招聘投资经理,2021-12-09,111,2
慧策（北京掌上先机网络科技有限公司）2022秋季校园招聘,2021-12-09,224,10
2021年珠海市“云招聘”高校毕业生洽谈会,2021-12-09,363,50
前端开发工程师,2021-12-09,356,6
中讯邮电咨询设计院有限公司郑州分公司,2021-12-09,368,5
【校招】中信证券北京分公司管培生,2021-12-09,355,20
校招管培生,2021-12-09,360,20
2022年校园招聘,2021-12-09,387,5
淮北师范大学2021年度人才招聘,2021-12-09,336,158
2021年冬季全国博士、博士后、高级人才巡回签约洽谈会——北京站,2021-12-09,340,500
北京师范大学认知神经科学与学习国家重点实验室2021年聘用制人员招聘启事,2021-12-09,294,10
湖南高尔夫旅游职业学院2021年招聘,2021-12-09,247,8
北京司拓民航科技有限责任公司 2022年校园招聘简章,2021-12-09,281,6
中国人民公安大学2022年度统一公开招录人民警察预公告,2021-12-08,557,1
董事会秘书,2021-12-08,465,5
厦门立林科技有限公司2022年校园招聘,2021-12-08,446,25
海军航空大学2022年面向社会公开招考文职人员,2021-12-08,450,100
重磅来袭！2022年海军潜艇学院人才引进公告,2021-12-08,446,90
山东英科医疗2022届校园招聘简章,2021-12-08,428,50
上商控股集团有限公司校园招聘,2021-12-08,432,10
【游戏奋斗者】多益网络2022校园招聘补录！,2021-12-08,431,500
四川省环境政策研究与规划院公开招聘非在编人员公告,2021-12-08,422,1
广东湛江海洋医药研究院2021年招聘博士后研究人员启事,2021-12-08,411,1
华展鑫荣公司招聘学生就业,2021-12-08,420,15
中联重科（工业互联网板块）2022届校园招聘简章,2021-12-07,1056,300
龙盈智达（北京）科技有限公司,2021-12-07,776,1
中信证券北京分公司管培生-校招,2021-12-07,755,50
中科星图—星图气象2022-2023年校园招聘计划,2021-12-07,373,5
软件研发工程师（高性能计算）,2021-12-07,692,10
让世界看到你的影响力——航天宏图·校园招聘,2021-12-07,715,10
唐山师范学院2021公开选聘博士研究生,2021-12-06,653,15
正大集团2021-2022年度中央采购部校园招聘,2021-12-06,453,10
香港中文大学（深圳）诚聘海内外优秀人才,2021-12-06,462,1
51WORLD-2022届校园招聘简章,2021-12-06,448,1
物产中大国际贸易集团2022届校园招聘简章,2021-12-06,447,1
年轻 未来可期 ——浙江省农信联社2022年校园招聘公告,2021-12-06,456,5
权威发布！火箭军工程大学2022年面向社会公开招考文职人员岗位计划,2021-12-06,464,120
人才招聘,2021-12-06,451,10
专利工程师/专利代理师,2021-12-06,424,20
沈阳兴华航空电器有限责任公司,2021-12-06,427,30
【游戏奋斗者】多益网络2022校园招聘补录,2021-12-06,436,300
北京市硕博高层次人才洽谈会---工业和信息化部人才交流中心,2021-12-06,506,200
由你定E新世界”，面向全球2022届校园人才   2022卡奥斯未来合伙人全面启动！,2021-12-06,433,33
2021年-2022年度远洋数据校园招聘,2021-12-06,425,2
软件研发工程师（系统）,2021-12-06,417,10
兴华会计师事务所2022秋季校园招聘,2021-12-06,417,200
诚揽天下英才 聚力强军伟业-海军航空大学2022年面向社会公开招考文职人员,2021-12-06,429,89
2022中公教育业务岗位招聘,2021-12-06,421,30
校招,2021-12-06,424,6
在浙里 职面未来-浙江建设职业技术学院2021年人才招聘公告,2021-12-06,443,18
权威发布！火箭军工程大学2022年面向社会公开招考文职人员,2021-12-06,424,78
2022年海军潜艇学院人才引进重磅来袭,2021-12-06,429,89
“权威发布”国防科技大学2022年公开招考文职人员计划,2021-12-06,443,165
权威发布！国防科技大学2022年文职人员招考公告,2021-12-06,437,170
湖北文理学院人才招聘,2021-12-06,422,50
厦门大学嘉庚学院2021-2022学年人才招聘启事,2021-12-03,458,10
创新之路、智慧领航 卡斯柯信号有限公司2022年度校园招聘,2021-12-03,444,8
FunPlus2022校园招聘技术类岗位急招,2021-12-03,463,10
日立电梯2022“未来之梯，与你同立”校园招聘,2021-12-03,448,6
埃特曼（北京）半导体技术有限公司招聘,2021-12-03,449,1
12月10日 | 国内高校联合举办（第十八届）博士人才云端招聘会,2021-12-03,455,300
北京晨晶电子有限公司 【高新技术国企】北京晨晶电子2022校招盛大启动,2021-12-03,431,240
【全职】【算法工程师】,2021-12-03,421,1
招聘新媒体编辑/美编设计/授课讲师,2021-12-03,415,2
建攀登计划 创世界一流-首都师范大学2021-2022年博士后科研  人员招收公告,2021-12-03,418,88
浙江建设职业技术学院2021年人才引进计划,2021-12-03,431,14
商丘工学院2021-2022学年教师招聘,2021-12-03,414,100
深圳综合粒子设施研究院校园招聘公告,2021-12-02,430,1
苏州系统医学研究所2021-2022年招聘,2021-12-02,424,1
炬光科技2022校园招聘简章,2021-12-02,416,15
中国科学院长春应用化学研究所2021年度招聘启事,2021-12-02,402,1
江苏科技大学2021年诚聘海内外优秀人才,2021-12-02,414,1
北京爱帮智汇科技有限公司2022年度校园招聘公告,2021-12-02,429,4
网龙网络公司2022届秋季校园招聘简章,2021-12-02,412,200
易航智能—供应链管理专员,2021-12-02,420,1
网易有道秋招补招-火热进行ing（免笔试！）,2021-12-02,459,100
网罗英才 智创未来 罗克韦尔自动化大连软件研发中心2022秋季校园招聘简章,2021-12-02,411,5
诚邀海内外优秀青年人才参加河南大学第五届国际青年学者（博士后）论坛,2021-12-02,408,50
助理研究员,2021-12-02,425,6
2021年冬季全国博士、博士后、高级人才巡回 签约洽谈会——北京站,2021-12-02,410,300
广州虹科电子科技2022秋季校园招聘（全国）,2021-12-02,413,40
科技兴邦 强军报国-国防科技大学第六十三研究所2021-2022年文职、博士后招收,2021-12-01,420,50
巢湖学院博士人才引进公告（待遇优渥） （安徽·合肥）,2021-12-01,381,200
中国移动总部网络事业部“金种子计划” 专项校园招聘,2021-12-01,469,10
中国邮政集团有限公司山西省分公司 2022年度校园招聘公告,2021-12-01,392,101
西安电子科技大学期刊中心2021年外聘人员一般岗位招聘公告,2021-12-01,355,3
浙江大学化学系、浙大杭州国际科创中心郭庆辉课题组2021年诚招博士后,2021-12-01,369,3
2022年江苏省泰州市选聘党政青年人才简章,2021-12-01,397,20
中国联合工程有限公司2022届校园招聘,2021-12-01,386,253
景贤礼士 WE梦相聚 ——北京市石景山区“走进高校引才计划” 宣讲招聘公告,2021-12-01,390,1000
赓续百年初心 担当育人使命-大庆师范学院2021年下半年公开招聘教师公告,2021-12-01,367,66
华南农业大学珠江学院2021年下半年教职工招聘,2021-12-01,369,28
2022届阿丘科技校园招聘,2021-12-01,387,8
开源证券【北交所业务专场】2022届校园招聘,2021-12-01,393,100
中信证券校招管培生-北京分公司,2021-12-01,392,200
北京伏尔特技术有限公司2022校园招聘,2021-12-01,388,8
合肥安晶龙电子股份有限公司2022届校园招聘,2021-12-01,367,10
"吴奇院士团队招聘博士后公告（分子生物学, 高分子，化学工程和食品专业）",2021-12-01,362,1
朝晖股份 2022 校园招聘简章,2021-12-01,366,1
北京爱万提斯科技有限公司2022年校园招聘,2021-12-01,369,1
厦门雅迅网络股份有限公司2022届校园招聘简章,2021-12-01,365,1
中国铁路物资集团有限公司  2022校园招聘简章,2021-12-01,411,1
 中联重科2022届校园招聘简章,2021-12-01,370,1
 中联重科（工业互联网板块）2022届校园招聘简章,2021-12-01,384,1
河北省农村信用社 2021年员工招聘简章,2021-12-01,350,30
2022慧策（北京掌上先机网络科技有限公司）校园招聘,2021-12-01,363,20
和芯星通科技（北京）有限公司人才引进,2021-12-01,370,5
"吴奇院士团队招聘博士后公告（分子生物学, 高分子，化学工程和食品专业）",2021-12-01,364,1
通讯科技公司诚招项目管理/商务助理,2021-12-01,368,6
全国中小企业股份转让系统有限责任公司 2021年下半年招聘公告,2021-12-01,379,1
空军工程人才引进公告,2021-12-01,417,200
本邦科技 22届应届毕业生校招项目,2021-12-01,374,4
新疆理工学院2021年秋季面向社会公开招聘教师、辅导员,2021-11-30,347,180
远洋集团2022届校园招聘,2021-11-30,363,5
荣聚新势力 启航新征程 ——荣程集团22届荣耀青年招聘简章,2021-11-30,351,100
2022届赛尔网络有限公司校园招聘简章,2021-11-30,373,162
潍柴2022年校园招聘扩招简章,2021-11-30,393,1
齐鲁工业大学（山东省科学院）海洋技术科学学院招聘信息,2021-11-30,348,1
中科南京智能技术研究院招聘简章,2021-11-30,376,1
三环集团2022届秋季校园招聘,2021-11-30,378,1
ASM先进科技2022校园招聘补录,2021-11-30,428,20
教师（博士）,2021-11-29,357,10
教师（硕士）,2021-11-29,362,15
鄂托克旗2021年引进高层次人才的公告,2021-11-26,377,19
衡水学院2021年招聘公告,2021-11-26,381,50
石家庄学院选聘博士,2021-11-26,365,30
安徽师范大学2021年度人才招聘,2021-11-26,369,115
常州信息职业技术学院2021年公开招聘高层次人员,2021-11-26,354,115
东华大学民用航空复合材料协同创新中心2021年招聘启事,2021-11-26,347,14
宁波国君源泓投资管理有限公司是在中国基金业协会备案的私募股权基金管理人，招聘网络信息安全投资经理和研究员,2021-11-26,365,3
中国电子科技集团公司第十一研究所,2021-11-26,474,50
小鹏汽车2022校园招聘“探索者计划”,2021-11-26,434,1000
广芯电子技术(上海)股份有限公司校招信息,2021-11-26,372,20
第三届“科技绵州 人才飞阳”四川省绵阳市招才引智 “云揽才”系列活动正式开启,2021-11-26,386,1000
汇聚天下英才 共创钱江时代 杭州市钱江新城投资集团2022届校园招聘,2021-11-26,370,80
宁波国君源泓投资管理有限公司是在中国基金业协会备案的私募股权基金管理人，网络信息安全行业研究员和投资经理招聘,2021-11-25,363,3
江西应用科技学院人才招聘,2021-11-24,380,216
首都师范大学2021年博士后科研人员招收公告,2021-11-23,327,1
面向理工科招聘-北京同达信恒知识产权代理有限公司,2021-11-23,331,1
2022中公教育校园招聘,2021-11-23,353,1
鼎道智联2022届校园招聘简章,2021-11-23,365,1
第一创业证券股份有限公司,2021-11-23,426,1
中国地震局地球物理研究所高层次人才引进公告,2021-11-22,381,1
北京巴别时代科技有限公司-巴别时代2022校招,2021-11-22,366,1
【哈尔滨站&长春站】高校人才网2021年秋冬季博士人才视频双选会邀请函,2021-11-22,374,1
锐方（上海）私募基金管理有限公司招聘,2021-11-22,355,1
哈药集团股份有限公司,2021-11-22,366,1
商业航天明星企业【零壹空间】空中宣讲来啦！！,2021-11-22,355,1
天津雀巢有限公司,2021-11-22,368,1
杭州科技职业技术学院2021年下半年公开招聘高层次人才及青年教师,2021-11-22,373,1
重庆公共运输职业学院学生教官招聘,2021-11-22,369,1
北京市联德律师事务所校招,2021-11-22,307,1
南京工业大学第四届“探•智”国际青年学者论坛-电控学院分论坛诚邀海内外英才参加,2021-11-22,322,1
西安工业大学新能源科学与技术研究院2021招聘简章,2021-11-22,321,1
深圳大学广东省海洋藻类开发与应用工程重点实验室博士后招聘,2021-11-22,314,1
北京大学化学与分子工程学院纳米结构功能材料课题组招聘优秀人才,2021-11-22,319,1
闽江学院2021下半年度高层次人才招聘公告,2021-11-22,327,1
台州学院高等研究院—智能信息处理研究所招聘启事,2021-11-22,321,1
青岛海信微联信号有限公司2022届校园招聘,2021-11-21,360,1
九江学院2021年高层次人才招聘公告,2021-11-21,333,1
武汉东湖学院高层次（高学历）人才招聘公告,2021-11-21,347,1
中国科学院天津工业生物技术研究所体外合成生物学中心游淳课题组招聘启事,2021-11-21,340,1
中国科学院微电子研究所低功耗智能芯片与系统团队招聘,2021-11-19,394,1
嘉应学院2021-2022年人才招聘启事,2021-11-19,379,1
重庆邮电大学2021-2022年招聘启事,2021-11-19,399,1
台州学院高等研究院——智能信息处理研究所招聘启事,2021-11-19,363,1
白城医学高等专科学校2021年招聘高层次人才公告,2021-11-19,358,1
广东省电信规划设计院有限公司北京分院2022校园招聘,2021-11-19,423,1
工业和信息化部网络安全产业发展中心（工业和信息化部信息中心）,2021-11-19,525,1
宽带资本,2021-11-19,380,1
2022南京理工大学江阴校区教师招聘,2021-11-19,361,1
虹科电子,2021-11-19,366,1
途家网网络技术（北京）有限公司,2021-11-19,359,1
北方自动控制技术研究所2021年招聘启事,2021-11-19,376,1
WorldQuant世坤2022软件工程师招聘,2021-11-19,363,1
超星集团2021秋季校园招聘（全国）,2021-11-19,372,1
中山大学数学学院（珠海）教师招聘启事,2021-11-19,369,1
广芯电子技术（上海）股份有限公司,2021-11-19,377,1
重庆川仪控制系统有限公司上海分公司,2021-11-19,359,1
国家计算机网络应急技术处理协调中心安徽分中心2022年度公开招聘公告,2021-11-19,337,1
中国农业银行博士后科研工作站2022年度招收博士后研究人员公告,2021-11-19,364,1
山东省科学院海洋仪器仪表研究所齐鲁工业大学（山东省科学院）海洋技术科学学院招聘,2021-11-18,326,1
丽水学院2021年下半年人才招聘启事,2021-11-18,324,1
南京信息工程大学高端光电仪器及激光技术团队诚招青年教师和师资博后,2021-11-18,329,1
清华大学材料课题组招聘热电/热障/结构陶瓷博士后,2021-11-18,316,1
重磅来袭，百万揽才！巢湖学院高层次人才引进公告,2021-11-18,350,1
滁州学院2021年度高层次人才引进公告,2021-11-18,348,1
杭州谱育科技发展有限公司-开发类岗位,2021-11-18,346,1
中国联合航空有限公司,2021-11-18,408,1
启明信息技术股份有限公司2022年校园招聘简章,2021-11-18,345,1
新乡医学院2021年诚聘海内外高层次人才,2021-11-18,345,1
凯里学院2021年高层次人才引进实施方案,2021-11-18,344,1
重庆海联职业技术学院2021年高层次人才引进,2021-11-18,322,1
九江学院2022年高层次人才招聘  ,2021-11-18,318,1
中国电器科学研究院股份有限公司,2021-11-18,320,1
重庆文理学院面向海内外公开招聘二级学院院长公告,2021-11-18,312,1
肇庆学院2021年人才招聘启事,2021-11-17,339,1
高层次人才网第十二届博士专场网络视频双选会,2021-11-17,345,1
北京航空航天大学云南创新研究院,2021-11-17,362,1
远东控股集团有限公司,2021-11-17,367,1
北京市顺义区第五期“梧桐工程—干部人才引进计划”暨2022年公务员、事业编公开招考,2021-11-17,366,1
龙盈智达（北京）科技有限公司,2021-11-17,381,1
锐方（上海）私募基金管理有限公司,2021-11-17,361,1
江西应用科技学院2021年人才招聘,2021-11-17,349,1
上海烟草机械有限责任公司高层次人才招聘简章,2021-11-17,361,1
广东医科大学项目制聘用人员招聘,2021-11-17,334,1
北京市正泽学校2021年教师招聘公告,2021-11-17,374,1
安徽机电职业技术学院2021年度高层次人才招聘,2021-11-17,354,1
香港科技大学工学院理学硕士（MSc）综合场线上招生宣讲会,2021-11-17,325,1
天正地产集团有限公司,2021-11-17,281,1
中国电建集团青海省电力设计院有限公司,2021-11-17,286,1
国网通用航空有限公司,2021-11-16,365,1
南京理工大学新能源学院教师招聘,2021-11-16,318,1
江苏医药职业学院2021年拟公开招聘计划,2021-11-16,317,1
中铁投资集团有限公司,2021-11-16,427,1
厦门工学院2021-2022年教师招聘启事,2021-11-16,307,1
嘉应学院2021-2022年人才招聘启事,2021-11-16,310,1
浙江大学王绪化团队招聘博士后和科研助理,2021-11-16,304,1
中国科学院长春应用化学研究所,2021-11-16,312,1
东北农业大学2021年下半年人才公开招聘公告,2021-11-16,309,1
南京工业大学电控学院分论坛诚邀海内外英才参加,2021-11-16,310,1
牧原食品股份有限公司,2021-11-16,318,1
牧原食品股份有限公司,2021-11-16,306,1
中国船舶工业系统工程研究院,2021-11-16,402,1
深圳九算优化科技有限公司,2021-11-16,321,1
红谷集群科技有限公司,2021-11-16,350,1
红谷集群科技有限公司,2021-11-16,326,1
北京胜信网络科技有限公司,2021-11-16,326,1
宁波财经学院2021-2022学年高层次人才招聘,2021-11-16,283,1
商业航天明星企业【零壹空间】空中宣讲来啦！！,2021-11-16,294,1
辽宁工程技术大学引进层次和待遇,2021-11-16,300,1
鹏华基金管理有限公司,2021-11-16,309,1
厦门美赫电子有限公司,2021-11-16,317,1
梦想启航 “职”通未来-内蒙古大学2021-2022年高薪诚聘海内外人才,2021-11-16,321,1
广聚英才 共谋发展 南京工业职业技术大学2021年下半年海内外优秀人才招聘公告,2021-11-16,320,1
衢州学院2021年下半年高层次人才招聘公告,2021-11-15,308,1
玉溪师范学院2021年常年招聘博士公告,2021-11-15,316,1
中电国营第七二二厂秋季招聘公告,2021-11-15,349,1
中国联通四川省分公司2021年（2022届） 秋季校园招聘公告（第三批）,2021-11-15,346,1
筑巢引才 振兴三晋-晋中学院2021年人才引进公告,2021-11-15,321,1
新拓尼克（北京）科技研发中心有限公司,2021-11-15,335,1
中车株洲电力机车研究所有限公司 2022届校园招聘公告,2021-11-15,317,1
商丘师范学院2021年诚聘博士等优秀人才,2021-11-15,331,1
河北工大科雅能源科技股份有限公司,2021-11-15,347,1
安徽理工大学全职博士后招收,2021-11-15,348,1
重庆市交通高级技工学校招聘1名心理健康教育管理岗,2021-11-15,508,1
电子工业出版社有限公司,2021-11-15,321,1
山东电力设备有限公司,2021-11-15,305,1
攀枝花学院2021年高层次人才招聘简章,2021-11-14,302,1
新疆财经大学2021年高层次人才招聘启事,2021-11-12,294,1
山东畜牧兽医职业学院2021年公开招聘副高级岗位人员和博士研究生简章,2021-11-12,295,1
东软集团,2021-11-12,319,1
邯郸制药股份有限公司,2021-11-12,316,1
西比爱斯汽车技术（上海）有限公司,2021-11-12,318,1
安徽理工大学2021年博士招聘,2021-11-12,313,1
嘉实基金2022校园招聘,2021-11-12,322,1
宁波工程学院博士后创新实践基地博士后招聘简章,2021-11-12,304,1
中资网络信息安全科技有限公司2022校招持续中【地点：北京】,2021-11-12,357,1
鞍山师范学院引进博士人才相关待遇,2021-11-11,303,1
广州软件学院2021年招聘启事,2021-11-11,306,1
毫末智行科技有限公司,2021-11-11,376,1
南京理工大学网络空间安全学院教师招聘,2021-11-11,315,1
【甘肃国企】金川集团面向北京邮电大学秋季招聘信息,2021-11-11,262,1
荷兰帕沃英蒂格盛有限公司深圳代表处,2021-11-11,338,1
广东省特种设备检测研究院珠海检测院2022年招聘公告,2021-11-11,308,1
清华大学张晨团队2021年诚聘数据科学方向优秀博士后和科研助理,2021-11-11,329,1
深圳雅学科技有限公司2021年下半年招聘,2021-11-11,298,1
广州南沙2021年“寻访揽才高校行”活动,2021-11-11,318,1
北京佐佑管理顾问有限公司,2021-11-11,304,1
浙江中控技术股份有限公司,2021-11-11,298,1
光大科技有限公司秋季招聘,2021-11-10,354,1
宿迁学院2021年高层次人才招聘公告,2021-11-10,323,1
北京月生信息技术有限公司,2021-11-10,338,1
浙江工业职业浙江工业职业技术学院公开招聘高层次人才公告,2021-11-10,328,1
潮州三环（集团）股份有限公司,2021-11-10,331,1
国寿股权公司明星被投企业联合校招,2021-11-10,330,1
贵州航天计量测试技术研究所2022届秋季校园招聘,2021-11-10,331,1
北京龙双利达知识产权代理有限公司,2021-11-10,260,1
北京龙双利达知识产权代理有限公司,2021-11-10,260,1
北京龙双利达知识产权代理有限公司,2021-11-10,266,1
长城物业集团股份有限公司北京物业管理分公司,2021-11-10,320,1
上海视觉艺术学院2021-2022年度招聘启事,2021-11-10,297,1
先临三维科技股份有限公司2022校园招聘,2021-11-10,292,1
西华大学2021年人才招聘公告,2021-11-10,311,1
先临三维科技股份有限公司2022校园招聘,2021-11-10,309,1
宁波工程学院向海内外诚聘特聘教授，学科带头人 ,2021-11-10,290,1
中国科学院海西研究院厦门稀土材料研究中心2021-2022年科研人才招聘启事,2021-11-10,292,1
武汉商贸职业学院2021年招聘公告,2021-11-10,308,1
南孔圣地-衢州有礼-事业编制-衢州学院2021年下半年人才招聘公告-评聘高级职称名额充足-解决子女入学,2021-11-10,299,1
深圳小库科技有限公司,2021-11-10,312,1
深圳小库科技有限公司,2021-11-10,310,1
深圳小库科技有限公司,2021-11-10,333,1
深圳小库科技有限公司,2021-11-10,307,1
深圳小库科技有限公司,2021-11-10,311,1
深圳小库科技有限公司,2021-11-10,310,1
浙江越秀外国语学院2021年高层次人才引进公告,2021-11-09,296,1
第十二届高层次人才网秋冬季博士专场网络视频双选会,2021-11-09,365,1
深圳大学智能物联网中心杨亚涛特聘教授团队2021年博士后招聘公告,2021-11-09,385,1
政府咨询项目助理,2021-11-09,413,1
商业火箭技术公司【零壹空间】邀您来撩！,2021-11-09,382,1
江西水利职业学院2021年博士招聘,2021-11-09,349,1
重庆能源职业学院2021年招聘简章,2021-11-09,333,1
奋斗百年路 启航新征程-山东理工大学2021年诚聘海内外高层次人才,2021-11-09,338,1
中国联通哈尔滨软件研究院,2021-11-09,356,1
水利部长江水利委员会长江科学院2022年度校园招聘(博士岗位)公告,2021-11-08,308,1
上海视觉艺术学院2021-2022学年招聘启事,2021-11-08,291,1
北京塔基资产管理有限公司,2021-11-08,376,1
2022中公教育校园招聘-公考讲师,2021-11-08,359,1
阳光人寿保险股份有限公司,2021-11-08,355,1
常州机电职业技术学院2021年公开招聘工作人员（第一批）,2021-11-08,293,1
铁力山（北京）控制技术有限公司,2021-11-08,384,1
荆楚理工学院2021年博士研究生招聘,2021-11-08,298,1
江西软件职业技术大学2021年行政管理及辅导员招聘公告 ,2021-11-08,299,1
江西软件职业技术大学2021年专任教师招聘公告,2021-11-08,304,1
长治学院2021年公开招聘博士研究生公告,2021-11-08,300,1
以工报国 未来可期-厦门工学院2021年博士人才引进计划,2021-11-08,301,1
中信证券股份有限公司北京分公司校招管培生,2021-11-08,363,1
北京华宇信息技术有限公司博士后招聘&培养公告  ,2021-11-08,391,1
南京工业大学-电控学院分论坛诚邀海内外英才参加,2021-11-08,300,1
海南热带海洋学院2021年度考核招聘教学科研人员公告,2021-11-08,309,1
西南医科大学2021年诚聘海内外英才,2021-11-07,273,1
东北农业大学2021年下半年人才公开招聘公告,2021-11-07,287,1
岭南现代农业科学与技术广东省实验室高端人才、拔尖人才招聘公告,2021-11-07,289,1
厦门工学院2021-2022学年高层次人才（博士）引进计划,2021-11-07,284,1
南亚热带作物研究所湛江站实验站2021年第六批博士研究生人员公开招聘公告,2021-11-07,282,1
中国科学院微电子研究所低功耗智能芯片与系统团队招聘,2021-11-07,387,1
中科南京智能技术研究院招聘简章,2021-11-07,372,1
材料科学姑苏实验室博士后招聘公告,2021-11-07,286,1
江苏科技大学2021年诚聘海内外优秀人才,2021-11-07,290,1
星际防务2022年校园招聘,2021-11-06,416,1
加入我们！“船”承理想 强军报国-中国船舶第八研究院（南京）2022届校园招聘,2021-11-06,311,1
广州金升阳科技有限公司2022&2023届秋季校园招聘,2021-11-06,300,1
重庆城市科技学院2021学年招聘简章,2021-11-05,352,1
大连理工大学高等教育研究院人才招聘,2021-11-05,352,1
湖南拓维信息系统股份有限公司,2021-11-05,371,1
重庆零壹空间科技集团有限公司,2021-11-05,364,1
广东机电职业技术学院、广东省博士工作站2021年博士研究生招聘公告,2021-11-05,343,1
闽南师范大学2021年招聘公告,2021-11-05,349,1
2021年南京工业大学高层次人才招聘,2021-11-05,377,1
南京工业大学马克思主义学院诚聘高层次人才,2021-11-05,340,1
清华大学材料课题组招聘热电/热障/结构陶瓷博士后,2021-11-05,321,1
福建工程学院马克思主义学院教学科研人员招聘启事,2021-11-05,335,1
江苏科技大学2021年诚聘海内外优秀人才,2021-11-05,354,1
2022年国防科大电子科学学院公开招聘军队文职、博士后,2021-11-05,418,1
桂林信息科技学院（原桂林电子科技大学信息科技学院）2021年专任教师招聘公告,2021-11-05,351,1
中山大学微电子科学与技术学院2021年人才招聘公告,2021-11-05,410,1
清华大学出版社有限公司,2021-11-05,442,1
中山大学生物医学工程学院2021年诚聘英才,2021-11-05,376,1
邯郸学院选聘博士研究生,2021-11-05,421,1
国寿股权投资有限公司,2021-11-05,357,1
安家费20万~45万！科研启动金30万~50万！湖北医药学院2021年秋冬季博士人才视频双选会,2021-11-05,293,1
东北农业大学2021年下半年人才公开招聘公告,2021-11-04,336,1
西安工业大学新能源科学与技术研究院2021招聘简章,2021-11-04,332,1
中国科学院微电子研究所低功耗智能芯片与系统团队招聘,2021-11-04,362,1
重庆邮电大学2021-2022年招聘启事,2021-11-04,375,1
中科南京智能技术研究院招聘简章,2021-11-04,380,1
中国重型汽车集团有限公司,2021-11-04,377,1
南开大学化学学院陈军院士团队招收博士后和研发工程师,2021-11-04,349,1
上海司南卫星导航技术股份有限公司,2021-11-04,368,1
宁波安贤投资管理有限公司,2021-11-04,375,1
宁波安贤投资管理有限公司,2021-11-04,370,1
巢湖学院引进博士人才公告,2021-11-04,344,1
亳州学院2021年高层次人才招聘,2021-11-04,363,1
蘑菇车联2022校园招聘,2021-11-04,382,1
医世界 渡未来——2022医渡科技校园招聘正式启动,2021-11-04,367,1
中国科学院计算技术研究所2021年秋冬季博士人才视频双选会,2021-11-04,397,1
福州外语外贸学院2021年秋冬季博士人才视频双选会,2021-11-04,341,1
数码视讯科技集团2022届校园招聘,2021-11-03,360,1
石河子大学政法学院2022年人才招聘,2021-11-03,330,1
南宁职业技术学院公开招聘博士研究生公告,2021-11-03,324,1
铸魂育人 职等你来-2021常州大学诚邀海内外人才共谋发展,2021-11-03,335,1
溪牛投资管理（北京）有限公司,2021-11-03,341,1
北京市经济与社会发展研究所,2021-11-03,391,1
赛迪顾问股份有限公司2022年秋季招聘,2021-11-03,357,1
深圳市赛元微电子有限公司,2021-11-03,336,1
深圳市赛元微电子有限公司,2021-11-03,363,1
嘉庚创新实验室2021年博士后招聘公告,2021-11-03,351,1
来浙，必有我师-浙江师范大学2021年专任教师招聘公告,2021-11-03,353,1
“让出行更美妙” 一汽出行科技有限公司2022全球校园招聘,2021-11-03,340,1
最高待遇120万，有编制，福利好！湖北汽车工业学院2021年秋冬季博士人才视频双选会,2021-11-03,391,1
珠海格力电器股份有限公司,2021-11-03,378,1
南昌工学院2021年高层次人才招聘启事,2021-11-03,344,1
上海浦劢实业有限公司招聘计划,2021-11-03,345,1
浙江财经大学东方学院2021年专任教师招聘简章,2021-11-03,335,1
年薪28万起！中国科学院工程热物理研究所2021年秋冬季博士人才视频双选会,2021-11-03,347,1
猎聘2022秋季校园招聘,2021-11-03,357,1
潍坊医学院2021年诚聘海内外优秀博士,2021-11-02,311,1
不负韶华 共筑梦想-枣庄学院2021年人才招聘启事,2021-11-02,337,1
2022中公教育校园招聘-教招讲师,2021-11-02,352,1
河北农业大学2021年选聘博士公告,2021-11-02,326,1
中科南京智能技术研究院招聘简章,2021-11-02,362,1
中国人民银行数字货币研究所,2021-11-02,482,1
2022天阳科技校园招聘 锐阳计划 招聘简章,2021-11-02,347,1
小米集团2022全球校园招聘-急招职位,2021-11-02,453,1
浙江新课堂教育股份有限公司,2021-11-02,330,1
北京未磁科技有限公司,2021-11-02,349,1
西安交通大学城市学院骨干人才招聘,2021-11-02,343,1
锐方（上海）私募基金管理有限公司,2021-11-02,307,1
2022年度赴港攻读硕士,2021-11-01,400,1
水利部长江水利委员会长江科学院2022年度校园招聘(博士岗位)公告,2021-11-01,324,1
迈威迩电子科技（上海）有限公司,2021-11-01,328,1
必创科技2022秋季校园招聘,2021-11-01,344,1
第一创业证券2022届校园招聘,2021-11-01,334,1
泰康保险集团股份有限公司,2021-11-01,337,1
IT 二线应用支持,2021-11-01,347,1
江西服装学院2021年下半年招聘启事,2021-11-01,326,1
嘉兴学院2021年度人才引进招聘公告,2021-11-01,321,1
北京零点有数数据科技股份有限公司,2021-11-01,376,1
姿美堂2022招聘简章,2021-11-01,287,1
香港科技大学22fall数据建模硕士学位项目线下招生宣讲会,2021-10-31,330,1
逐梦一流 看浙里-宁波大学2021-2022年度公开招聘人才公告,2021-10-31,329,1
厦门工学院2021年教师招聘启事,2021-10-31,326,1
河北农业大学2021年选聘博士公告,2021-10-31,321,1
深圳综合粒子设施研究院校园招聘公告,2021-10-31,321,1
九江学院2021年高层次人才招聘公告,2021-10-31,321,1
台州学院高等研究院大数据智能医疗研究所2021-2022年招聘启事,2021-10-31,318,1
福建工程学院2022年师资招聘计划,2021-10-31,317,1
南京信息工程大学高端光电仪器及激光技术团队诚招青年教师和师资博后,2021-10-31,314,1
 广东机电职业技术学院、广东省博士工作站2021年博士研究生招聘公告,2021-10-31,325,1
深圳市钛锋智能有限公司2022届校园招聘,2021-10-31,337,1
湘潭大学2021年博士后招聘简章,2021-10-29,340,1
南亚热带作物研究所湛江站实验站2021年第六批博士研究生人员公开招聘公告,2021-10-29,332,1
九江学院2021年高层次人才招聘公告,2021-10-29,347,1
山东省科学院海洋仪器仪表研究所2021-2022年招聘,2021-10-29,351,1
嘉应学院2021-2022年人才招聘启事,2021-10-29,336,1
重庆邮电大学2021-2022年招聘启事,2021-10-29,387,1
深圳综合粒子设施研究院校园招聘公告,2021-10-29,340,1
电装智能科技（上海）有限公司西安分公司,2021-10-29,356,1
天津南大通用数据技术股份有限公司,2021-10-29,373,1
清华大学出版社2022校园招聘,2021-10-29,408,1
天津南大通用数据技术股份有限公司,2021-10-29,353,1
宿迁学院2021年高层次人才招聘,2021-10-29,377,1
重磅来袭 百万揽才 巢湖学院引进博士人才（2021年10月份更新）,2021-10-29,373,1
战略支援部队信息工程大学洛阳校区2022年文职人员招聘、博士后招收简章,2021-10-29,367,1
 岭南现代农业科学与技术广东省实验室高端人才、拔尖人才招聘公告,2021-10-28,346,1
中科南京智能技术研究院招聘简章,2021-10-28,365,1
厦门大学嘉庚学院2021-2022学年专任教师招聘启事,2021-10-28,353,1
湖州师范学院量子物理研究中心高层次人才招聘启事,2021-10-28,324,1
南通大学电气工程学院2021年诚聘海内外英才,2021-10-28,346,1
首都师范大学2021年博士后科研人员招收公告,2021-10-28,368,1
中国科学院国家空间科学中心2022年应届生招聘启事,2021-10-28,389,1
北京雄恩数学培训学校2022年校园招聘,2021-10-28,352,1
沃特世科技（上海）有限公司,2021-10-28,377,1
太初（无锡）电子科技有限公司2022校园招聘,2021-10-28,370,1
北京轻舟智航智能技术有限公司,2021-10-28,364,1
应急管理部上海消防研究所 2022年招聘,2021-10-28,394,1
引才正当时 共筑西华梦-西华大学2021年人才招聘公告,2021-10-28,347,1
北京多彩互动广告有限公司,2021-10-28,363,1
国金基金2022校园招聘,2021-10-28,402,1
商业火箭技术公司【零壹空间】邀您来撩！,2021-10-28,371,1
携手师大 筑梦未来-江苏师范大学2021年人才引进政策及计划,2021-10-28,373,1
广东科技学院公开招聘工作人员,2021-10-28,347,1
北京未尔锐创科技有限公司2022届校园招聘,2021-10-28,313,1
遇“鉴”得物，预见未来！得物App2022校园招聘,2021-10-28,307,1
乐道济世 砥砺前行-潍坊医学院2021年诚聘海内外优秀博士,2021-10-28,401,1
桂林电子科技大学2021年高层次人才招聘公告,2021-10-27,343,1
山东省科学院激光研究所2021年人才招聘简章,2021-10-27,356,1
北京万科经纪房地产有限公司,2021-10-27,389,1
重庆城市科技学院2021-2022学年秋招聘简章,2021-10-27,353,1
山东工程职业技术大学2021年商河校区招聘,2021-10-27,373,1
荆楚理工学院2021年博士研究生招聘,2021-10-27,343,1
中山大学数学学院（珠海）诚聘海内外英才！,2021-10-27,347,1
黄河交通学院2021年人才引进计划,2021-10-27,365,1
2022中国安全防伪证件研制中心校园招聘简章,2021-10-27,412,1
香港科技大学工学院研究生项目招生宣讲会,2021-10-27,351,1
闽南师范大学2021年诚纳英才,2021-10-26,342,1
中科南京智能技术研究院招聘简章,2021-10-26,393,1
广东机电职业技术学院、广东省博士工作站2021年博士研究生招聘公告,2021-10-26,344,1
中国科学院微电子研究所低功耗智能芯片与系统团队招聘,2021-10-26,374,1
江苏科技大学2021年诚聘海内外优秀人才,2021-10-26,354,1
重庆工程学院2021年高层次人才招聘简章,2021-10-26,350,1
启明信息技术股份有限公司,2021-10-26,395,1
科林电气2022校园招聘,2021-10-26,375,1
北银金融科技有限责任公司,2021-10-26,428,1
北银金融科技有限责任公司,2021-10-26,361,1
桂林理工大学2021年招聘计划,2021-10-26,358,1
广西科技大学,2021-10-26,359,1
【政府咨询项目助理】北京菁正咨询有限公司,2021-10-26,363,1
嘉应学院2021-2022年人才招聘启事,2021-10-26,345,1
中国科学院微电子研究所低功耗智能芯片与系统团队招聘,2021-10-26,371,1
深圳综合粒子设施研究院校园招聘公告,2021-10-26,347,1
中共河北省委党校（河北行政学院）2021年诚聘英才,2021-10-25,363,1
上海司南卫星导航技术股份有限公司,2021-10-25,364,1
2022中公教育校园招聘-考研讲师,2021-10-25,368,1
中国科学院赣江创新研究院2021年优秀博士招聘启事,2021-10-25,346,1
湖南生物机电职业技术学院2021年公开招聘,2021-10-25,353,1
哈尔滨工业大学人工智能研究院有限公司,2021-10-25,367,1
唱吧音乐集团2022秋季校园招聘,2021-10-25,375,1
哈尔滨工业大学人工智能研究院有限公司,2021-10-25,354,1
哈尔滨工业大学人工智能研究院有限公司,2021-10-25,355,1
哈尔滨工业大学人工智能研究院有限公司,2021-10-25,345,1
哈尔滨工业大学人工智能研究院有限公司,2021-10-25,359,1
哈尔滨工业大学人工智能研究院有限公司,2021-10-25,378,1
巴中职业技术学院2021年人才招聘,2021-10-25,364,1
江西工程学院2021年人才招聘,2021-10-25,354,1
山东高等技术研究院,2021-10-25,353,1
万华化学（福建）有限公司,2021-10-25,346,1
广聚人才 智汇八桂-广西大学欢迎你！优良学术保障、事业编制且有竞争力的薪酬待遇,2021-10-25,371,1
东北农业大学2021年下半年人才公开招聘公告,2021-10-24,358,1
嘉应学院2021-2022年人才招聘启事,2021-10-24,356,1
南京信息工程大学高端光电仪器及激光技术团队诚招青年教师和师资博后,2021-10-24,363,1
河北农业大学2021年选聘博士公告,2021-10-24,353,1
材料科学姑苏实验室2021年高层次人才招聘启事,2021-10-24,353,1
桂在珍惜 工候你来-桂林理工大学2021年诚邀优秀人才加盟,2021-10-24,365,1
石河子大学政法学院2022年人才招聘,2021-10-22,346,1
北京华龙通科技有限公司,2021-10-22,378,1
地太科特电子制造（北京）有限公司,2021-10-22,369,1
【综合1场&综合2场】高校人才网2021年秋冬季博士人才视频双选会邀请函,2021-10-22,576,1
万物云空间科技服务股份有限公司,2021-10-22,369,1
广州金融控股集团有限公司,2021-10-22,356,1
嘉入我们 庚进一步-厦门大学嘉庚学院2021-2022学年人才招聘启事,2021-10-22,351,1
北京博华信智科技股份有限公司,2021-10-21,369,1
北京博华信智科技股份有限公司,2021-10-21,363,1
北京博华信智科技股份有限公司,2021-10-21,375,1
北京博华信智科技股份有限公司,2021-10-21,377,1
北京海泰方圆科技股份有限公司,2021-10-21,371,1
北京卓利互娱科技有限公司,2021-10-21,358,1
央企华侨城集团公司2022校园招聘,2021-10-21,378,1
嘉里大通物流有限公司2022校园招聘,2021-10-21,322,1
中国科学院武汉岩土力学研究所科研岗位和特别研究助理（含博士后）招聘简章【长期有效】,2021-10-21,358,1
金川集团股份有限公司,2021-10-21,299,1
中国广电广州网络股份有限公司（原珠江数码）,2021-10-20,384,1
中国地震局地球物理研究所高层次人才引进公告,2021-10-20,390,1
浙江大学核医学创新研究中心招聘博士后,2021-10-20,353,1
中车信息技术有限公司,2021-10-20,414,1
西安交通大学城市学院诚聘英才,2021-10-20,368,1
北京未尔锐创科技有限公司,2021-10-20,309,1
万联证券股份有限公司,2021-10-19,373,1
中存大数据科技有限公司,2021-10-19,387,1
数码视讯2022届校招（26号宣讲会14：00-16:00）,2021-10-19,467,1
安捷中科（北京）数据科技有限公司,2021-10-19,368,1
360数科2022校园招聘启动啦！,2021-10-19,425,1
小米科技有限责任公司,2021-10-19,576,1
小米集团2022全球校园招聘-手机专场,2021-10-19,458,1
中科本原科技（北京）有限公司,2021-10-19,479,1
中国广电广州网络股份有限公司,2021-10-19,372,1
深圳酷派技术有限公司,2021-10-19,367,1
智能驾驶激光雷达领军企业—深圳市速腾聚创科技有限公司 2022校园招聘宣讲会（北京站）,2021-10-19,367,1
浙江物产环保能源股份有限公司,2021-10-19,360,1
2022中公教育校园招聘-教招讲师,2021-10-18,363,1
管理咨询顾问-北京、西安、深圳,2021-10-18,360,1
地太科特电子制造（北京）有限公司,2021-10-18,365,1
广州汇智通信技术有限公司 (中国电信集团旗下大型国企) 2022届校园招聘,2021-10-18,391,1
东方晶源微电子科技（北京）有限公司,2021-10-18,363,1
深圳综合粒子设施研究院校园招聘公告,2021-10-17,352,1
中科南京智能技术研究院招聘简章,2021-10-17,369,1
清华大学材料课题组招聘热电/热障/结构陶瓷博士后,2021-10-17,355,1
中国南方电网有限责任公司2022年校园招聘公告,2021-10-16,413,1
九号公司2022校园招聘简章 ——“让起步更酷”,2021-10-15,376,1
图灵深视（北京）科技有限公司,2021-10-15,368,1
中信证券股份有限公司杭州凤起路证券营业部,2021-10-15,356,1
ASM先进科技（中国）有限公司2022校园招聘（成都）,2021-10-15,390,1
中国技术进出口集团有限公司,2021-10-15,425,1
中国科学院微电子研究所低功耗智能芯片与系统团队招聘,2021-10-14,440,1
中国石化上海石油化工研究院2021年人才招聘,2021-10-14,441,1
携程计算机技术（上海）有限公司,2021-10-14,469,1
超星集团2021秋季校园招聘（全国）,2021-10-14,482,1
东风南方集团【央企】联友科技22届秋季校园招聘,2021-10-14,450,1
成都思科瑞微电子股份有限公司,2021-10-14,373,1
苏州苏驼通信科技股份有限公司,2021-10-14,372,1
苏州苏驼通信科技股份有限公司,2021-10-14,540,1
西安电子科技大学杭州研究院2021年全球招聘引才公告,2021-10-14,386,1
广东省工业设备安装有限公司,2021-10-14,463,1
白城医学高等专科学校2021年招聘高层次人才公告,2021-10-13,410,1
滨州学院2021年诚聘海内外优秀人才,2021-10-13,439,1
洛阳师范学院2021年高层次人才引进政策及计划,2021-10-13,448,1
南方基金2022届秋季校园招聘,2021-10-13,377,1
深圳市光明区科技创新服务中心2021年博士后招聘简章,2021-10-13,360,1
锐方（上海）私募基金管理有限公司招聘,2021-10-13,367,1
东南数字经济发展研究院,2021-10-13,372,1
中国科学院软件研究所中国科学院软件研究所2022年度校园招聘简章,2021-10-13,523,1
北京市地铁运营有限公司,2021-10-13,393,1
衢州职业技术学院高层次人才引进公告,2021-10-12,382,1
北京五一视界数字孪生科技股份有限公司,2021-10-12,459,1
给梦想一颗澎湃的芯 ——芯动科技校园线上招聘（2021秋季）,2021-10-12,424,1
中交信息技术国家工程实验室有限公司,2021-10-12,532,1
北京流马锐驰科技有限公司,2021-10-12,442,1
北京大学长三角光电科学研究院招聘启事,2021-10-12,424,1
河南科技大学2021年诚聘优秀人才,2021-10-12,431,1
辽宁交投艾特斯智能交通技术有限公司,2021-10-12,397,1
广东省新一代通信与网络创新研究院2022届毕业生招聘,2021-10-12,399,1
北京机械工业自动化研究所有限公司,2021-10-12,414,1
360数科2022校园招聘启动啦！,2021-10-12,371,1
中国科协创新战略研究院2021年秋冬季博士人才现场招聘会,2021-10-12,402,1
上海科技大学2021年秋冬季博士人才现场巡回招聘会,2021-10-12,475,1
渤海大学2021年秋冬季博士人才现场巡回招聘会,2021-10-12,444,1
上海航天八院802所2022届校园招聘,2021-10-12,501,1
南瑞集团有限公司2022届毕业生招聘简章,2021-10-11,483,1
成都精灵云科技有限公司,2021-10-11,417,1
中国科学院武汉岩土力学研究所,2021-10-11,384,1
英国豪迈国际有限公司上海代表处,2021-10-11,391,1
中资网络信息安全科技有限公司2022校招正式启动！,2021-10-11,430,1
哈尔滨工业大学人工智能研究院有限公司,2021-10-11,392,1
北京知本创业管理咨询有限公司,2021-10-11,389,1
衍盛中国2021秋季招聘校园行,2021-10-11,408,1
广西科技师范学院招聘简章,2021-10-11,388,1
中国网安（含中国电科三十所）2022届校园招聘,2021-10-11,444,1
中联重科应急装备事业部2021年社会招聘简章,2021-10-11,400,1
北京晟芯网络科技有限公司,2021-10-11,401,1
中科南京智能技术研究院招聘简章,2021-10-11,401,1
启明信息技术股份有限公司,2021-10-10,420,1
重庆邮电大学2021-2022年招聘,2021-10-10,472,1
台州学院高等研究院—智能信息处理研究所招聘启事,2021-10-10,368,1
厦门工学院2021年教师招聘启事,2021-10-10,396,1
中国科学院微电子研究所低功耗智能芯片与系统团队招聘,2021-10-10,402,1
苏州大学未来校区人才招聘公告,2021-10-10,398,1
东北农业大学2021年下半年人才公开招聘公告,2021-10-10,425,1
中国科学院长春应用化学研究所2021年度招聘启事,2021-10-10,400,1
苏州系统医学研究所高层次人才招聘公告,2021-10-10,375,1
广东医科大学2021年招聘高层次人才公告,2021-10-10,372,1
广东医科大学2021年人才招聘公告,2021-10-10,387,1
牧原食品股份有限公司,2021-10-10,387,1
长江养老2022校园招聘正式开启,2021-10-09,427,1
暨南大学附属第一医院最高年薪66万+招聘博士后,2021-10-09,464,1
北京国联视讯信息技术股份有限公司,2021-10-09,451,1
四川剑南春（集团）有限责任公司,2021-10-09,443,1
光大科技有限公司,2021-10-09,469,1
广东科学技术职业学院2021年高层次人才招聘公告,2021-10-09,415,1
河北民族师范学院2021年博士研究生公开选聘启事,2021-10-09,410,1
广东医科大学招聘高层次人才公告,2021-10-09,394,1
东北电力大学博士后招聘启事,2021-10-09,398,1
中山大学数学学院(珠海)诚聘英才,2021-10-09,413,1
上海人工智能创新中心,2021-10-09,387,1
上海人工智能创新中心,2021-10-09,434,1
新瑞鹏宠物医疗集团有限公司,2021-10-09,400,1
小米集团2022全球校园招聘全面启动！,2021-10-09,476,1
中国科学院上海巴斯德研究所2021年度招聘启事,2021-10-09,403,1
数码视讯科技集团2022届校园招聘,2021-10-08,398,1
南京理工大学教师招聘,2021-10-08,572,1
CNH集团--晨皓知识产权 2022届校园招聘简章,2021-10-08,357,1
财达证券2022校园招聘简章,2021-10-08,475,1
蓝诺微银（北京）信息技术有限公司,2021-10-08,380,1
木瓜移动2022校园招聘全面开启~,2021-10-08,441,1
中国人民解放军第五七二〇工厂2022年校园招聘,2021-10-03,442,1
中国科学院国家空间科学中心,2021-10-01,411,1
中国科学院国家空间科学中心2022年特别研究助理招聘启事,2021-10-01,404,1
【唯品会】“唯有少年，年少有唯”,2021-09-30,475,1
中国科学院微电子研究所2021年招聘公告,2021-09-30,564,1
招聘|中国电信股份有限公司内蒙古分公司2022校园招聘,2021-09-30,438,1
北京屿渡翻译有限责任公司,2021-09-30,439,1
西安纸贵互联网科技有限公司,2021-09-30,463,1
杭州科技职业技术学院2021年公开招聘高层次人才及青年教师,2021-09-30,527,1
西安三星电子研究有限公司,2021-09-30,538,1
广东科技学院公开招聘教师,2021-09-30,550,1
（浙江）丽水学院2021年下半年人才招信息,2021-09-30,498,1
北京天澜智慧知识产权代理有限公司,2021-09-30,514,1
2022中公教育校园招聘-考研讲师,2021-09-30,465,1
（世界500强）物产中大金属集团2022届校园招聘,2021-09-30,652,1
华中农业大学公共管理学院2021年秋冬季博士人才现场招聘会,2021-09-30,458,1
热招：IT互联网高端猎头顾问/管培生（欢迎转行，欢迎应届生，北京朝阳门包住）,2021-09-30,311,1
内蒙古大学2021年秋冬季博士人才现场巡回招聘会,2021-09-30,343,1
北京全路通信信号研究设计院集团有限公司,2021-09-30,357,1
上海汉得信息技术股份有限公司,2021-09-30,299,1
福建新大陆支付科技有限公司,2021-09-29,446,1
南京摄星智能科技有限公司,2021-09-29,525,1
上海电气集团股份有限公司,2021-09-29,493,1
上海海隆软件2022届校园招聘,2021-09-29,463,1
华南师范大学阿伯丁数据科学与人工智能学院2021年教师招聘公告,2021-09-29,436,1
北京理工大学宇航学院波动力学实验室2021年招聘博士后人员公告,2021-09-29,435,1
中国科学院空间应用工程与技术中心集成技术中心2021年招聘简章,2021-09-29,553,1
中信中证投资服务有限责任公司2022届校园招聘,2021-09-29,479,1
中科慧远视觉技术(洛阳)有限公司,2021-09-29,459,1
健帆生物科技集团股份有限公司,2021-09-29,439,1
北京中科闻歌科技股份有限公司2022届校招,2021-09-29,511,1
成都大学人才招聘启事,2021-09-28,491,1
北京飞斯科科技有限公司,2021-09-28,493,1
华润万象商业（深圳）有限公司华北分公司,2021-09-28,457,1
北京百事强贸易有限责任公司,2021-09-28,436,1
河南科技学院2021年诚聘优秀博士人才,2021-09-28,441,1
一汽解放汽车有限公司2022年秋季校园招聘,2021-09-28,443,1
贵州航天计量测试技术研究所,2021-09-28,452,1
北京交通大学国家经济安全研究院2021年秋冬季博士人才现场招聘会,2021-09-28,463,1
北京亚控科技发展有限公司,2021-09-28,476,1
广西科技大学2021-2022年面向海内外诚聘优秀人才,2021-09-27,397,1
数码视讯科技集团2022届校园招聘,2021-09-27,414,1
中国热带农业科学院南亚热带作物研究所湛江站实验站2021年博士研究生人员岗位公开招聘公告,2021-09-27,386,1
福建省招标采购集团有限公司2022届校园招聘,2021-09-27,386,1
澳門大學智慧城市物聯網國家重點實驗室招聘,2021-09-27,379,1
广州金升阳科技有限公司,2021-09-27,390,1
广州金升阳科技有限公司2022&2023届秋季校园招聘,2021-09-27,390,1
中国工商银行股份有限公司广东省分行,2021-09-27,393,1
台州职业技术学院2021年柔性引进人才公告,2021-09-27,417,1
一汽解放汽车有限公司2022年秋季校园招聘,2021-09-27,410,1
度小满科技（北京）有限公司,2021-09-27,478,1
山东经贸职业学院2021年公开招聘博士研究生及高级岗位工作人员简章,2021-09-27,423,1
启元世界（北京）信息技术服务有限公司,2021-09-27,556,1
国家工信安全中心（工信部电子一所）2022校园招聘,2021-09-27,638,1
东北电力大学2021年秋季招聘公告,2021-09-27,466,1
江苏医药职业学院2021年拟公开招聘计划,2021-09-26,394,1
聚海内外英才，谋山一大未来-山东第一医科大学（山东省医学科学院） 诚邀海内外青年才俊参加2021国际青年学者论坛,2021-09-26,406,1
浙江中泽精密科技有限公司,2021-09-26,391,1
中国电建集团河北省电力勘测设计研究院有限公司2022年校园招聘公告,2021-09-26,425,1
（浙江）丽水学院2021年下半年人才招聘启事,2021-09-26,387,1
湖南泛联新安信息科技有限公司,2021-09-26,408,1
曲阜师范大学统计学院2021年度诚聘海内外英才,2021-09-26,390,1
厦门银行股份有限公司2022年校园招聘,2021-09-26,392,1
中国船舶第八研究院（扬州院区·原七二三所）诚聘人才公告,2021-09-26,387,1
东北电力大学2021年秋季招聘公告,2021-09-26,396,1
上海浦东发展银行股份有限公司长沙分行,2021-09-26,393,1
北京星际防务科技有限公司,2021-09-25,406,1
意昂—郑州中原国际汽车研究院2022校园招聘,2021-09-25,393,1
西安翔腾微电子科技有限公司,2021-09-25,409,1
宿迁学院2021年高层次人才招聘公告,2021-09-24,416,1
北大医疗信息技术有限公司,2021-09-24,437,1
22届毕业生，医疗仪器行业offer待查！,2021-09-24,419,1
2021年宁波幼儿师范高等专科学校（宁波教育学院）公开招聘高层次人才5名,2021-09-24,395,1
上海开域信息科技有限公司2022届财务类校招,2021-09-24,411,1
诺贝尔瓷砖2022校园招聘,2021-09-24,398,1
世界500强企业-泰康人寿总公司2022年全球校园招聘,2021-09-24,517,1
武汉纺织大学外经贸学院2021年招聘,2021-09-24,414,1
哈尔滨工业大学（威海）2021年专任教师（非思政类）岗位招聘,2021-09-24,403,1
锐方（上海）私募基金管理有限公司,2021-09-24,390,1
北京理工大学2021年秋冬季博士人才现场招聘会,2021-09-24,435,1
浙江物产环保能源股份有限公司,2021-09-24,385,1
张江实验室光子芯片研发部博士后招聘公告,2021-09-23,411,1
葛洲坝集团交通投资有限公司2021年校园招聘简章,2021-09-23,411,1
贝壳找房2022届省区ADC校园招聘简章,2021-09-23,409,1
西安翔腾微电子科技有限公司,2021-09-23,413,1
燕山大学2021年公开招聘专职研究人员公告,2021-09-23,431,1
中电科风华信息装备股份有限公司,2021-09-23,400,1
2022中公教育校园招聘-管培生,2021-09-23,396,1
北京国双科技有限公司,2021-09-23,457,1
公诚管理咨询有限公司,2021-09-23,412,1
公诚管理咨询有限公司-通信监理工程师,2021-09-23,413,1
上海开域信息科技有限公司2022届校招,2021-09-23,452,1
亚信科技2022应届生招聘 ——新科技 信未来,2021-09-23,486,1
山东高等技术研究院2021秋季招聘启事,2021-09-23,435,1
西南医科大学2021年校本部全职引进博士,2021-09-23,413,1
中国联通四川省分公司2021年（2022届）秋季校园招聘公告（第一批）,2021-09-23,500,1
复旦大学生命科学学院冯喆课题组2021年诚聘博士后、科研助理,2021-09-23,453,1
广西师范大学2021年人才招聘公告,2021-09-23,416,1
北京多彩互动广告有限公司,2021-09-23,425,1
中建七局总承包有限公司,2021-09-23,460,1
延安大学2021年教师岗位招聘,2021-09-23,413,1
中国科学院光电技术研究所2022年招聘公告,2021-09-23,464,1
衢州学院2021年下半年高层次人才招聘,2021-09-23,403,1
地产8强—新城控股2021新睿全球校招启动,2021-09-23,406,1
中安威士（北京）科技有限公司,2021-09-23,442,1
北京理工雷科电子信息技术有限公司,2021-09-22,485,1
搜狐畅游2022秋季校园招聘,2021-09-22,446,1
数码视讯科技集团2022届校园招聘,2021-09-22,434,1
广东宽普科技有限公司,2021-09-22,431,1
深圳市松鼠教育科技有限公司,2021-09-22,415,1
中国网安（含中国电科三十所）2022届校园招聘,2021-09-22,475,1
浙江省机电技师学院2021年教师招聘计划,2021-09-22,407,1
杭州谱育科技发展有限公司,2021-09-22,425,1
上海司南卫星导航技术股份有限公司2022届校园招聘,2021-09-22,404,1
华南农业大学珠江学院2021年下半年教职工招聘,2021-09-22,412,1
宁波财经学院2021年高层次人才招聘,2021-09-22,409,1
恰少年时 智领新时代-神思电子2022届校园招聘,2021-09-22,401,1
内蒙古大学常年引进高层次人才公告（中英文版）,2021-09-22,431,1
北京北航天宇长鹰无人机科技有限公司,2021-09-21,752,1
虹科电子2022届秋季校园招聘,2021-09-21,544,1
石家庄铁道大学2021年人才招聘公告,2021-09-20,473,1
 西南医科大学附属口腔医院2021年招聘简章,2021-09-18,675,1
烽台科技（北京）有限公司,2021-09-18,481,1
清华大学能源与动力工程系颗粒与燃烧研究组2021年博士后招聘,2021-09-18,427,1
南京途善久文化传播有限公司,2021-09-18,429,1
中国科学院深海科学与工程研究所2021年招聘启事,2021-09-18,496,1
电子科技大学成都学院教学资源部数据工程师招聘公告,2021-09-18,717,1
中国航空综合技术研究所2022校园招聘,2021-09-18,634,1
长春长光辰芯光电技术有限公司,2021-09-17,421,1
武汉达梦数据库股份有限公司,2021-09-17,442,1
国汽智控（北京）科技有限公司,2021-09-17,470,1
中国科学院上海光学精密机械研究所2021年博士后招聘启事,2021-09-17,445,1
汉王科技股份有限公司,2021-09-17,459,1
Longer Pump-软件工程师,2021-09-17,439,1
中信网络有限公司,2021-09-17,500,1
华硕科技（苏州）有限公司,2021-09-17,460,1
北京脑陆科技有限公司,2021-09-17,418,1
索菲亚集团2022届校园招聘,2021-09-16,431,1
中交基础设施养护集团有限公司,2021-09-16,436,1
才汇紫金 宁聚梦想 ——网络通信与安全紫金山实验室2022届校园招聘正式启动,2021-09-16,437,1
南京信息工程大学海洋人才特区2021年招聘启事,2021-09-16,430,1
桂林力源粮油食品集团有限公司,2021-09-16,416,1
唐山市环境规划科学研究院（唐山市生态环境宣传教育中心）2022届校园招聘,2021-09-16,427,1
中电智能科技有限公司,2021-09-16,492,1
远东控股集团有限公司,2021-09-16,420,1
华芯巨数（杭州）微电子有限公司,2021-09-16,429,1
乐玩新大地（北京）科技有限公司,2021-09-16,446,1
香港科技大学22fall数据建模硕士学位项目宣讲会,2021-09-15,455,1
福建工程学院2022年师资招聘,2021-09-15,441,1
北京和利时系统工程有限公司,2021-09-15,453,1
广州华立学院（广州校区）2021年教师招聘启事,2021-09-15,432,1
中国五矿集团有限公司2022年度校园招聘,2021-09-15,507,1
广州华立学院（广州校区）2021年教师招聘启事,2021-09-15,433,1
无锡中感微电子有限公司,2021-09-15,448,1
杭州趣链科技有限公司,2021-09-15,442,1
邯郸学院2021年公开选聘博硕人才,2021-09-15,450,1
交通运输部天津水运工程科学研究所,2021-09-15,434,1
深圳市民德电子科技股份有限公司,2021-09-15,429,1
英诺赛科（苏州）半导体有限公司,2021-09-15,434,1
“智汇南山·职为你来”深圳市南山区千企万岗线上招聘会简介,2021-09-15,424,1
中国人寿保险股份有限公司研发中心2022年校园招聘公告,2021-09-15,523,1
厦门二维进化网络技术有限公司,2021-09-15,302,1
中建二局一公司2022校园精英招聘,2021-09-14,472,1
高层次人才网秋冬季博士专场网络视频双选会,2021-09-14,496,1
无量科技股份有限公司,2021-09-14,468,1
浪潮集团2022届校园招聘,2021-09-14,520,1
北大医信2022届校园招聘,2021-09-14,463,1
中国科学院深圳先进技术研究院2021年博士后招聘公告,2021-09-14,452,1
中国银联博士后科研工作站2022年度博士后招收简章,2021-09-14,441,1
芯视界（北京）科技有限公司,2021-09-14,479,1
福建工程学院2022年师资招聘计划,2021-09-14,422,1
北京微纳星空科技有限公司,2021-09-14,458,1
贵阳市创业投资有限公司,2021-09-14,447,1
浙江财经大学东方学院2021年专任教师招聘简章 ,2021-09-14,428,1
中国国际贸易促进委员会专利商标事务所,2021-09-14,408,1
浙江大学NGICS大平台2021年博士后招聘启事,2021-09-14,430,1
苏州雄立科技有限公司,2021-09-14,420,1
中建三局2022“争先之星”校园招聘简章,2021-09-13,449,1
山东省科学院海洋仪器仪表研究所2021年招聘信息,2021-09-13,467,1
高层次人才网秋冬季博士专场网络视频双选会,2021-09-13,450,1
扬州宇安电子科技有限公司,2021-09-13,429,1
中铁投资集团有限公司,2021-09-13,592,1
北京数势云创科技有限公司,2021-09-13,456,1
数码视讯科技集团2022届校园招聘,2021-09-13,486,1
中国科学院武汉岩土力学研究所科研岗位和特别研究助理（含博士后）招聘简章【长期有效】,2021-09-13,458,1
武汉烽火国际技术有限责任公司 校园招聘（2022海外精英计划）,2021-09-13,468,1
中国电子科技集团公司第三十八所,2021-09-13,498,1
中国电子科技集团公司第三十八所 2022秋季招聘,2021-09-13,525,1
北京爱学习博乐教育科技有限公司,2021-09-13,456,1
【佳能医疗】研发岗校园招聘,2021-09-13,487,1
创新奇智2022年校园招聘,2021-09-13,471,1
特来电（北京）新能源科技有限公司,2021-09-13,467,1
杭州火奴数据科技有限公司2022校园招聘,2021-09-13,454,1
正青春 创未来|广州联通2022届校园招聘,2021-09-13,454,1
富士康工业互联网股份有限公司2022校园招聘简章,2021-09-13,410,1
内蒙古科技大学机械工程学院博（硕）士及高层次人才招聘,2021-09-10,436,1
南通大学信息科学技术学院2021年人才招聘公告,2021-09-10,457,1
宇通集团2022届校园招聘简章,2021-09-10,446,1
青岛上合航天科技有限公司,2021-09-10,483,1
北京航空航天大学合肥创新研究院2021年人才招聘启事,2021-09-10,458,1
大唐高鸿2022年校园招聘信息,2021-09-10,504,1
芯无界. 至未来   和芯星通2022校园招聘,2021-09-10,447,1
恰青春，正当燃—当当网2022校园招聘公告,2021-09-10,454,1
广东赛微微电子股份有限公司,2021-09-10,440,1
汇蓉国科2022届梧桐树计划,2021-09-10,490,1
厦门理工学院2021年公开招聘高层次人才启事,2021-09-10,430,1
荣盛盟固利新能源科技股份有限公司,2021-09-10,486,1
芯讯通无线科技（上海）有限公司,2021-09-10,467,1
“乘风而上，未来有你” ——天风证券2022届校园招聘简章,2021-09-10,415,1
陕西千山航空电子有限责任公司,2021-09-09,444,1
北京北方华创微电子装备有限公司,2021-09-09,441,1
北京北方华创微电子装备有限公司,2021-09-09,443,1
北京中科科仪股份有限公司2022届校园招聘,2021-09-09,436,1
北京西云数据科技有限公司,2021-09-09,435,1
浙江运达风电股份有限公司,2021-09-09,471,1
【世界500强】浙江物产环保能源股份有限公司 2022校园招聘简章,2021-09-09,439,1
航天恒星科技有限公司,2021-09-09,544,1
华南农业大学珠江学院下半年教职工招聘,2021-09-09,427,1
许昌学院2021年诚聘海内外高层次人才,2021-09-09,441,1
亳州学院2021年高层次人才招聘,2021-09-09,439,1
中国科学院信息工程研究所2021-2022年招聘启事,2021-09-09,546,1
前海再保险股份有限公司博士后创新实践基地2021年秋季招聘公告,2021-09-09,432,1
深圳市环波科技有限责任公司,2021-09-09,438,1
上海东软载波微电子有限公司,2021-09-09,440,1
华南理工大学2021年博士后和专职研究人员,2021-09-09,450,1
中铁物贸集团有限公司,2021-09-08,487,1
中国电信天翼物联科技有限公司2022年校园招聘,2021-09-08,522,1
广州乐牛软件科技有限公司,2021-09-08,486,1
苏州旭创科技2022年校招,2021-09-08,461,1
河南投资集团有限公司,2021-09-08,460,1
北京阿凡提互娱科技有限公司,2021-09-08,465,1
中科曙光2022届校园招聘简章,2021-09-08,561,1
智慧互通（AIPARK）2022校园招聘,2021-09-08,556,1
北京智源人工智能研究院,2021-09-08,479,1
北京海量数据技术股份有限公司,2021-09-08,278,1
深圳农村商业银行股份有限公司,2021-09-08,421,1
北京海量数据技术股份有限公司,2021-09-08,280,1
深圳市兴海物联科技有限公司,2021-09-08,426,1
浙江诺诺网络科技有限公司,2021-09-08,432,1
九洲集团2022年校园招聘简章,2021-09-08,432,1
青岛上合航天科技有限公司,2021-09-08,413,1
南京国兆光电科技有限公司,2021-09-08,437,1
北京智一科技校园招聘——全职岗位,2021-09-08,445,1
北京字节跳动科技有限公司,2021-09-08,564,1
武汉文理学院2021年秋季教师招聘启事,2021-09-07,451,1
厦门大学嘉庚学院2020-2021学年人才招聘启事,2021-09-07,427,1
晨山（北京）企业管理咨询有限公司,2021-09-07,438,1
浙江大学环境与资源学院吴忠标教授课题组2021年博士后招聘启事,2021-09-07,428,1
浙江大学环境与资源学院吴忠标教授课题组2021年博士后招聘启事,2021-09-07,421,1
中国电子科技网络信息安全有限公司,2021-09-07,466,1
SGS通标标准技术服务有限公司质优生招聘,2021-09-07,453,1
北京数码视讯科技股份有限公司,2021-09-07,440,1
深圳雅学科技有限公司2021年下半年招聘,2021-09-07,435,1
深圳市纽创信安科技开发有限公司,2021-09-07,429,1
中国船舶工业综合技术经济研究院2022年校园招聘,2021-09-07,505,1
牛津（海南）区块链研究院有限公司,2021-09-07,470,1
平安银行深圳分行2022届秋季校园招聘宣传,2021-09-07,434,1
中通快递股份有限公司,2021-09-07,459,1
中国通信建设集团有限公司,2021-09-07,510,1
西北工业大学无人机所2022校园招聘,2021-09-07,458,1
中建城市建设发展有限公司,2021-09-07,482,1
集佳知识产权2022校园招聘,2021-09-07,492,1
“才聚淄博”小程序-淄博市人社局推出,2021-09-07,465,1
牧原食品股份有限公司,2021-09-07,439,1
中电科思仪科技股份有限公司（40/41所） 2022校园招聘,2021-09-07,480,1
南京晓庄学院2021年度公开招聘人才公告,2021-09-06,442,1
北京月生信息技术有限公司,2021-09-06,467,1
九江学院2021年高层次人才招聘公告,2021-09-06,428,1
普源精电科技股份有限公司（RIGOL）2022校园招聘简章,2021-09-06,449,1
广州市中大管理咨询有限公司,2021-09-06,435,1
“碳”索未来 瑞力无限南瑞集团有限公司2022届毕业生招聘简章,2021-09-06,454,1
东风本田汽车有限公司招聘简章,2021-09-06,433,1
帆软软件有限公司,2021-09-06,432,1
楚雄师范学院2021年博士招聘简章,2021-09-06,434,1
山东淄博人才金政，邀您携手共创未来,2021-09-06,440,1
东方剑桥集团,2021-09-06,450,1
广东智能无人系统研究院2022年校园招聘公告,2021-09-06,468,1
福建工程学院2021年师资招聘计划,2021-09-06,430,1
内蒙古蒙牛乳业（集团）股份有限公司,2021-09-06,453,1
中航航空模拟系统有限公司,2021-09-06,464,1
上海唯捷创芯电子技术有限公司,2021-09-06,446,1
一汽奔腾2022全球校园招聘,2021-09-06,484,1
苏州新东方培训学校有限公司,2021-09-06,445,1
高校人才网2021年秋冬季博士人才现场巡回招聘会&视频双选会邀请函,2021-09-06,456,1
西云数据2022校园招聘,2021-09-06,458,1
北京时代传浮科技有限公司,2021-09-06,452,1
北京时代传浮科技有限公司,2021-09-06,459,1
深圳哈稀网络技术有限公司,2021-09-06,460,1
北京时代传浮科技有限公司,2021-09-06,450,1
中国外运2022校园招聘,2021-09-06,477,1
南京晓庄学院2021年度公开招聘人才公告,2021-09-05,425,1
广东省电信规划设计院有限公司北京分院2022校园招聘,2021-09-05,466,1
中国科学院沈阳自动化研究所2021-2022年校园招聘,2021-09-04,540,1
特变电工沈阳变压器集团有限公司2022届校园招聘,2021-09-04,472,1
一汽解放青岛汽车有限公司,2021-09-03,403,1
2022秋招 - 亚马逊中国综合管理类职位,2021-09-03,528,1
中国移动江西公司2021年校园招聘,2021-09-03,477,1
锐捷网络2022届校园招聘简章,2021-09-03,488,1
启明信息技术股份有限公司2022年校园招聘简章,2021-09-03,471,1
芯无界. 至未来   和芯星通2022校园招聘,2021-09-03,484,1
荣聚新势力 启航新征程——荣程集团22届荣耀青年招聘简章,2021-09-03,468,1
北京亚控科技发展有限公司2022届校园招聘简章,2021-09-03,498,1
邯郸制药股份有限公司,2021-09-03,474,1
清华大学精密仪器系智能微系统实验室2021年招聘 自动控制/仪器科学/航空航天/计算机等领域博士后,2021-09-03,483,1
中国科学院沈阳自动化研究所2021-2022年校园招聘,2021-09-03,518,1
西安诺瓦星云科技股份有限公司,2021-09-03,494,1
【鼎阳科技】和光同行，为你而来！2022届校园招聘正在进行中,2021-09-03,473,1
超越科技股份有限公司,2021-09-03,501,1
龙湖集团2022届仕官生校园招聘启动&空宣来袭！——向上，仕不可挡！,2021-09-03,495,1
浙江臻镭科技股份有限公司,2021-09-03,493,1
珠海亿智电子科技有限公司,2021-09-03,454,1
方寸之间，科技之上—— 方太集团2022届校园招聘,2021-09-03,473,1
斯伦贝谢技术(北京)有限公司,2021-09-03,447,1
广州海格通信集团股份有限公司,2021-09-02,459,1
中建三局信息技术研究院2022校园招聘,2021-09-02,493,1
宁夏隆基宁光仪表股份有限公司,2021-09-02,446,1
海信集团2022届校园招聘简章,2021-09-02,509,1
珠海剑心互动娱乐有限公司,2021-09-02,451,1
四川天味食品集团股份有限公司,2021-09-02,450,1
中国移动（上海）产业研究院2022校园招聘正式启动,2021-09-02,479,1
迪士尼(Disney)全资在线视频公司 Disney+ Hotstar 2022年校园招聘,2021-09-02,490,1
中国人民解放军第五七一八工厂2022届秋季校园招聘,2021-09-02,588,1
清华大学智能社会治理研究院2021年实习生招聘通知,2021-09-02,462,1
中国科学院工程热物理研究所2021年招聘公告,2021-09-02,514,1
北京品驰医疗设备有限公司,2021-09-02,473,1
SGS通标标准技术服务有限公司质优生招聘,2021-09-02,449,1
绿盟科技集团股份有限公司,2021-09-02,482,1
山东五征集团有限公司,2021-09-02,457,1
中国船舶第八研究院（南京）2022届校园招聘,2021-09-02,553,1
埃里斯克矿山工程机械(北京）有限公司,2021-09-02,462,1
埃里斯克矿山工程机械(北京）有限公司,2021-09-02,429,1
曼迪匹艾（北京）科技服务有限公司,2021-09-02,536,1
昆明心霖公社教育中心2022届校园招聘简章,2021-09-02,491,1
